Year,Total Revenue
2010,19186024.919999998
2011,11129166.07
2012,31898644.52
2013,20330448.66
2014,16630214.43
2015,12427982.86
2016,12372867.219999999
2017,13373419.629999999
